{
  "selected": {
    "source_rank": 1,
    "weight_scale": 1.4,
    "timeframe": "4h",
    "validation": {
      "annual_return": 0.2003118934045553,
      "total_return": 0.1818423303938758,
      "max_drawdown": -0.0465515283307084,
      "sharpe": 1.5713939172500186
    },
    "locked_test": {
      "annual_return": 0.8838236565117887,
      "total_return": 0.2552004165794692,
      "max_drawdown": -0.0300978715849312,
      "sharpe": 3.7466962008700553
    },
    "train": {
      "annual_return": 0.0054118122249329,
      "max_drawdown": -0.0788882859269909,
      "sharpe": 0.1185066489608831
    }
  },
  "target": {
    "min_annual_return": 0.2,
    "max_drawdown_abs": 0.06
  },
  "checks": {
    "validation_annual_return_ok": true,
    "validation_max_drawdown_ok": true,
    "locked_test_annual_return_ok": true,
    "locked_test_max_drawdown_ok": true,
    "pass_target_flag": true
  },
  "passed": true,
  "summary": "validation annual 20.03%, validation max drawdown -4.66%; locked_test annual 88.38%, locked_test max drawdown -3.01%"
}